"index","id","value","name","description"
1,"z_hatch",NA,"Hatch size","Average size at hatch"
2,"z_inf",NA,"Asymptotic Size","The largest size an individual is expected to obtain"
3,"k_g",NA,"vonBertalanffy growth rate","Exponential parameter in size-dependent vonBertalanffy growth function"
4,"var_k_g",NA,"Growth rate variance adults","Derived growth rate variance parameter for adults from delta method derivation"
5,"var_e_g",NA,"Growth rate variance hatchlings","Derived growth rate variance parameter for juveniles from delta method derivation"
6,"is_density_dependent",NA,"Density dependent logical","Does the scenario use density dependence for growth?"
7,"dd_g",NA,"Density dependence rate","Exponential rate parameter for strength of density dependent growth"
8,"allo_slope",NA,"Allometric slope","Allometric scaling ""slope"" (slope in log-log form) parameter from length to biomass"
9,"allo_intercept",NA,"Allometric intercept","Allometric scaling ""intercept"" (intercept in log-log form) parameter from length to biomass"
10,"s_min",NA,"Minimum survival probability","Minimum daily size-dependent survival probability for smallest individuals"
11,"s_max",NA,"Maximum survival probability","Maximum daily size-dependent survival probability for largest individuals"
12,"s_a",NA,"Logistic survival rate ","Transition rate between 's_min' and 's_max'"
13,"s_b",NA,"Logistic survival inflection size","Daily survival inflection parameter"
14,"post_spawning_mortality",NA,"Post spawning mortality","Probability of mortality after spawning event"
15,"z_repro",NA,"Reproductively mature size","Threshold size cutoff for individuals to become reproductively active"
17,"sex_ratio",NA,"Sex ratio of hatchlings","Sex ratio of hatchlings"
18,"fecu_slope",NA,"Fecundity slope","Fecundity ""slope"" (slope in log-log form) parameter from length to eggs/spawn"
19,"fecu_intercept",NA,"Fecundity intercept","Fecundity ""intercept"" (intercept in log-log form) parameter from length to eggs/spawn"
20,"hatch_rate",NA,"Hatch rate","Percent of successfully hatched individuals per spawning event"
21,"spawn_int",NA,"Interspawn interval","Average number of whole days between spawning event"
22,"spawns_max_season",NA,"Maximum number of spawns per season","Maximum number of spawns events per season per individual"
23,"repro_start",NA,"Start of reproduction season","Start of reproduction season"
24,"repro_end",NA,"End of reproduction season","End of reproduction season"
