"ordinal_date","density_in_class"
1,1.5287719646792e-85
2,3.55172663993787e-82
3,2.97997914937222e-79
4,1.26772776839501e-76
5,3.21827738273509e-74
6,5.40485262569761e-72
7,6.46186709389873e-70
8,5.81280217850265e-68
9,4.10802942385764e-66
10,2.36081650799752e-64
11,1.1343928387229e-62
12,4.66240031951802e-61
13,1.67004875252192e-59
14,5.29509465059183e-58
15,1.50560467953575e-56
16,3.88210341019203e-55
17,9.16500801478438e-54
18,1.99821731802567e-52
19,4.0554236775584e-51
20,7.7198418857723e-50
21,1.38885574754648e-48
22,2.38032283853273e-47
23,3.92031582142211e-46
24,6.26623404664483e-45
25,9.83423823320665e-44
26,1.53683405142202e-42
27,2.43343894996816e-41
28,3.99081910935891e-40
29,6.97277439044852e-39
30,1.34643719613201e-37
31,3.01432010102973e-36
32,8.31860740913253e-35
33,3.04667002684657e-33
34,1.59766477344367e-31
35,1.26436633480806e-29
36,1.50410124086971e-27
37,2.48877615961631e-25
38,4.98754709294491e-23
39,1.02273300645906e-20
40,1.81363573805674e-18
41,2.40621766128213e-16
42,2.14628805583049e-14
43,1.20938786426274e-12
44,4.22620159800478e-11
45,9.32436341908927e-10
46,1.35530021846753e-08
47,1.3705391286897e-07
48,1.02012369829665e-06
49,5.88428564191593e-06
50,2.74744068155166e-05
51,0.000107530904268574
52,0.000362504550355578
53,0.00107484068567149
54,0.00284867647560784
55,0.00683505289820237
56,0.0150007690469985
57,0.0303719186235494
58,0.0571447143219901
59,0.10054621179197
60,0.166364967372624
61,0.260157211718053
62,0.386244034868386
63,0.546708166761997
64,0.740634785454201
65,0.963799556062423
66,1.20889981784669
67,1.46628851513979
68,1.72505127932071
69,1.97420089278765
70,2.20376334404798
71,2.40558526461187
72,2.57377805896454
73,2.70480091754541
74,2.79725153260819
75,2.85146956066141
76,2.86906428222576
77,2.8524623878797
78,2.80454679867088
79,2.72844336183794
80,2.62756239744605
81,2.50628883577045
82,2.3727122962699
83,2.24720183376047
84,2.18385138936873
85,2.31448473222077
86,2.92272094563287
87,4.02943383428751
88,2.90340862590008
89,2.50254151900301
90,0.392049941729548
91,0.053680548679613
92,0.0533040440444951
93,0.0533040292280879
94,0.0533040398113146
95,0.0533040473357719
96,0.0533040526807594
97,0.0533040564775658
98,0.0533040591746162
99,0.0533040610904633
100,0.0533040624513829
