"","Var1","Freq"
"1","1",0
"2","2",0
"3","3",0
"4","4",0
"5","5",0
"6","6",0
"7","7",0
"8","8",0
"9","9",0
"10","10",0
"11","11",0
"12","12",0
"13","13",0
"14","14",0
"15","15",0
"16","16",0
"17","17",0
"18","18",0
"19","19",0
"20","20",0
"21","21",0
"22","22",1
"23","23",0
"24","24",0
"25","25",0
"26","26",0
"27","27",0
"28","28",0
"29","29",3
"30","30",1
"31","31",2
"32","32",1
"33","33",2
"34","34",2
"35","35",1
"36","36",1
"37","37",1
"38","38",3
"39","39",3
"40","40",4
"41","41",3
"42","42",6
"43","43",2
"44","44",2
"45","45",4
"46","46",4
"47","47",4
"48","48",1
"49","49",4
"50","50",3
"51","51",2
"52","52",2
"53","53",1
"54","54",3
"55","55",0
"56","56",1
"57","57",2
"58","58",1
"59","59",0
"60","60",0
"61","61",0
"62","62",2
"63","63",0
"64","64",0
"65","65",0
"66","66",0
"67","67",0
"68","68",1
"69","69",2
"70","70",1
"71","71",1
"72","72",0
"73","73",0
"74","74",2
"75","75",0
"76","76",0
"77","77",1
"78","78",1
"79","79",0
"80","80",0
"81","81",0
"82","82",0
"83","83",3
"84","84",2
"85","85",1
"86","86",0
"87","87",1
"88","88",1
"89","89",1
"90","90",1
"91","91",3
"92","92",1
"93","93",0
"94","94",0
"95","95",4
"96","96",0
"97","97",0
"98","98",1
"99","99",0
"100","100",0
