cm,mm
6.339668769716089,63.3966877
3.5779968454258673,35.77996845
6.998264984227129,69.98264984
6.761198738170347,67.61198738
2.5040220820189276,25.04022082
3.203233438485804,32.03233438
2.0020504731861197,20.02050473
5.294558359621451,52.9455836
4.764116719242902,47.64116719
3.285410094637224,32.85410095
2.738091482649842,27.38091483
3.696135646687697,36.96135647
7.046214511,70.46214511
3.3847003154574136,33.84700315
2.8610410094637224,28.61041009
4.062776025236593,40.62776025
6.497791798107255,64.97791798
4.168611987381704,41.68611987
3.8877760252365934,38.87776025
3.6100157728706623,36.10015773
2.9315457413249213,29.31545741
3.203233438485804,32.03233438
4.354810726,43.54810726
2.521056782334385,25.21056782
3.827050473,38.27050473
4.253312302839117,42.53312303
3.562302839116719,35.62302839
3.9926656151419557,39.92665615
3.9055205047318613,39.05520505
6.775236593059937,67.75236593
3.6005520504731865,36.0055205
3.7373817034700316,37.37381703
5.7700315457413245,57.70031546
3.764116719242902,37.64116719
2.785094637223975,27.85094637
3.7071766561514194,37.07176656
4.002839116719243,40.02839117
3.7058359621451102,37.05835962
5.393769716088329,53.93769716
4.253312302839117,42.53312303
6.585962145,65.85962145
4.393690851735015,43.93690852
2.627287066246057,26.27287066
3.8701892744479496,38.70189274
5.555678233438486,55.55678233
3.321293375394322,33.21293375
3.1032334384858045,31.03233438
4.769164038,47.69164038
6.278706624605678,62.78706625
3.45,34.5
3.426577287066246,34.26577287
3.235252365930599,32.35252366
3.3836750788643535,33.83675079
6.529100946,65.29100946
3.2843059936908516,32.84305994
3.538249211356467,35.38249211
7.025394321766561,70.25394322
5.237302839116719,52.37302839
3.666640378548896,36.66640379
4.395189274447949,43.95189274
5.880283911671924,58.80283912
3.169558359621451,31.6955836
6.260567823343849,62.60567823
7.057807570977919,70.57807571
3.1440063091482653,31.44006309
2.552917981072555,25.52917981
3.763485804416404,37.63485804
5.570583596214512,55.70583596
6.186041009463723,61.86041009
2.663485804416404,26.63485804
2.7936908517350156,27.93690852
4.088485804416404,40.88485804
3.3709779179810724,33.70977918
4.187066246056782,41.87066246
3.0703470031545743,30.70347003
6.782886435,67.82886435
3.262933753943218,32.62933754
3.4204258675078862,34.20425868
3.2964511041009463,32.96451104
2.5040220820189276,25.04022082
3.955914826498423,39.55914826
5.191640378548896,51.91640379
5.253470031545741,52.53470032
3.146372239747634,31.4637224
3.6455835962145113,36.45583596
3.9271293375394323,39.27129338
6.791088328,67.91088328
3.3417192429022085,33.41719243
6.217192429022083,62.17192429
2.849921135646688,28.49921136
6.234148264984228,62.34148265
3.9124605678233437,39.12460568
6.668454258675079,66.68454259
3.444873817,34.44873817
4.514037855,45.14037855
3.3706624605678233,33.70662461
7.249526813880126,72.49526814
2.9990536277602526,29.99053628
3.6003943217665615,36.00394322
3.8958201892744477,38.95820189
