"ScenarioName","StartingPopulation","FinalPopulation","StartingBiomass","FinalBiomass","StartingMeanSize","FinalMeanSize","MinDailyGrowthPotential","MaxDailyGrowthPotential","AnnualLambda","AnnualMinGrowthPotential","AnnualMaxGrowthPotential"
"Y1.Baseline",100,118.768,120.844,306.15,42.762,60.994,0.95,6.961,1.461,0.083,1.906
"Y1.TCEM_diaz_survival",100,3.507,120.844,9.012,42.762,60.929,0.45,6.961,0.038,0.002,0.049
"Y1.GUTS_diaz_survival",100,63.686,120.844,164.153,42.762,60.993,0.605,6.961,0.769,0.043,1.003
"Y1.diaz_growth",100,104.414,120.844,262.249,42.762,60.419,0.95,6.961,1.017,0.057,1.327
"Y1.GUTS+Growth",100,55.993,120.844,140.626,42.762,60.418,0.605,6.961,0.534,0.03,0.696
"Y1.Overwinter",100,46.287,120.844,112.562,42.762,59.505,0.878,6.961,0.889,0.013,1.171
"Y1.Density Dependence",100,69.63,120.844,158.329,42.762,58.162,0.95,6.861,1.139,0.04,1.547
"Y1.W + DD",100,38.108,120.844,87.015,42.762,58.088,0.878,6.917,0.727,0.008,0.976
"Y1.W + DD + GUTS",100,22.391,120.844,52.513,42.762,58.685,0.605,6.937,0.406,0.005,0.54
"Y1.W + DD + Growth",100,34.122,120.844,75.92,42.762,57.541,0.878,6.92,0.369,0.004,0.489
"Y1.W + DD + GUTS + Growth",100,19.927,120.844,45.479,42.762,58.104,0.605,6.939,0.209,0.003,0.275
