index,id,value,name,description,
1,z_hatch,5.3,Hatch size,Average size at hatch,"SID 320, 387, 395, 419; mean value for all studies "
2,z_inf,1162,Asymptotic Size,The largest size an individual is expected to obtain,"SID 432; Longest wild, female reported size. "
3,k_g,0.001013005,vonBertalanffy growth rate,Exponential parameter in size-dependent vonBertalanffy growth function,"SID 433, 439; mean for unquestionable, female studies via FishBase"
4,var_k_g,5.49E-08,Growth rate variance adults,Derived growth rate variance parameter for adults from delta method derivation,Fitted to derive variance in k bounds based on size at a given time
5,var_e_g,5.49E-08,Growth rate variance hatchlings,Derived growth rate variance parameter for juveniles from delta method derivation,Fitted to derive variance in k bounds based on size at a given time
6,is_density_dependent,0,Density dependent logical,Does the scenario use density dependence for growth?,Default
7,dd_g,NA,Density dependence rate,Exponential rate parameter for strength of density dependent growth,Default
8,allo_slope,2.81478,Allometric slope,"Allometric scaling ""slope"" (slope in log-log form) parameter from length to biomass","SID 321, 405, 424, 434, 437; mean of reported values for female studies"
9,allo_intercept,5.55E-05,Allometric intercept,"Allometric scaling ""intercept"" (intercept in log-log form) parameter from length to biomass","SID 335, 406, 425, 435, 438; mean of reported values for female studies"
10,s_min,0.9629147,Minimum survival probability,Minimum daily size-dependent survival probability for smallest individuals,"SID 306, 388; mean value for larval fish"
11,s_max,0.9992123,Maximum survival probability,Maximum daily size-dependent survival probability for largest individuals,"SID 317, 344; calculated as a 99.999% chance of mortality at the averge lifespan of 24 years"
12,s_a,0.07,Logistic survival rate ,Transition rate between 's_min' and 's_max',"Fitted using z_repo, s_min, and s_max to have the curve rise at the juvenile to adult transition size and plateau at z_repro "
13,s_b,255,Logistic survival inflection size,Daily survival inflection parameter,"Fitted using z_repo, s_min, and s_max to start curve at the juvenile to adult transition size"
14,post_spawning_mortality,0,Post spawning mortality,Probability of mortality after spawning event,Assumed
15,z_repro,323.1819,Reproductively mature size,Threshold size cutoff for individuals to become reproductively active,"SID 314, 315, 378, 392, 426, 441; mean length for females with at least 50% of the population matured. "
17,sex_ratio,0.5,Sex ratio of hatchlings,Sex ratio of hatchlings,Assumed
18,fecu_slope,2.57841,Fecundity slope,"Fecundity ""slope"" (slope in log-log form) parameter from length to eggs/spawn","SID 337, 877; fitted value of eggs per spawn for wild females using reported fecundity power law and eggs per age"
19,fecu_intercept,0.01878,Fecundity intercept,"Fecundity ""intercept"" (intercept in log-log form) parameter from length to eggs/spawn","SID 336, 877; fitted value of eggs per spawn for wild females using reported fecundity power law and eggs per age"
20,hatch_rate,0.772125,Hatch rate,Percent of successfully hatched individuals per spawning event,"SID 308, 389, 447, 861; mean value for hatchlings from commercial sources or captive breeding colonies"
21,spawn_int,25,Interspawn interval,Average number of whole days between spawning event,SID 357; reported value for female population
22,spawns_max_season,2,Maximum number of spawns per season,Maximum number of spawns events per season per individual,SID 338; reported value
23,repro_start,135,Start of reproduction season,Start of reproduction season,SID 345; 15 May
24,repro_end,227,End of reproduction season,End of reproduction season,SID 346; 15 August
